{
  "wa_settings": {
    "last_seen_privacy": "Everyone",
    "profile_photo_privacy": "Everyone",
    "about_privacy": "Everyone",
    "status_privacy": [
      "My Contacts (active)"
    ],
    "read_receipts": "Yes",
    "settings_last_fetch_time": {
      "1": 1659449215,
      "0": 1659707629
    },
    "current_sync_session_id": "/ymxvDoM+Nhrm0gwtKnViQ==",
    "current_sync_session_account_registration_time": 1637169030,
    "sync_sessions": [
      {
        "sync_session_id": "/ymxvDoM+Nhrm0gwtKnViQ==",
        "account_registration_time": 1637169030,
        "state_collections": [
          "critical_block",
          "critical_unblock_low",
          "regular",
          "regular_high",
          "regular_low"
        ]
      }
    ],
    "device_sync_status": [
      {
        "device_id": 0,
        "last_notification_dropped_time": 1648591729
      },
      {
        "device_id": 1,
        "last_notification_dropped_time": 1648591729
      }
    ],
    "device_info": [
      {
        "device_id": 0,
        "app_version": "Android-2.22.16.75",
        "operating_system_version": "11",
        "device_manufacturer": "motorola",
        "device_model": "odessa"
      },
      {
        "device_id": 1,
        "app_version": "Web-2.2228.12",
        "operating_system_version": "0.1",
        "device_manufacturer": "",
        "device_model": "Desktop"
      }
    ]
  }
}